{
  "node_modules/mermaid/dist/mermaid-59c9be08.js -> ./blockDiagram-342b154f.js": {
    "id": 3219,
    "files": [
      "static/chunks/2116.80804127adc42a8f.js",
      "static/chunks/372.1626f14fbf09a4aa.js",
      "static/chunks/6057.09d04f481d39827b.js",
      "static/chunks/3219.c0ce72a93a0736d4.js"
    ]
  },
  "node_modules/mermaid/dist/mermaid-59c9be08.js -> ./c4Diagram-9e17e874.js": {
    "id": 2807,
    "files": [
      "static/chunks/2807.8c967157515dd22f.js"
    ]
  },
  "node_modules/mermaid/dist/mermaid-59c9be08.js -> ./classDiagram-e8fde69c.js": {
    "id": 3248,
    "files": [
      "static/chunks/2116.80804127adc42a8f.js",
      "static/chunks/4659.cd7795fb644aba3c.js",
      "static/chunks/9440.3c2c9c6ea6b6387c.js",
      "static/chunks/3248.c5e10f9b36920477.js"
    ]
  },
  "node_modules/mermaid/dist/mermaid-59c9be08.js -> ./classDiagram-v2-2f5103db.js": {
    "id": 8786,
    "files": [
      "static/chunks/2116.80804127adc42a8f.js",
      "static/chunks/372.1626f14fbf09a4aa.js",
      "static/chunks/4659.cd7795fb644aba3c.js",
      "static/chunks/6057.09d04f481d39827b.js",
      "static/chunks/6364.1cdc68e36031b43a.js",
      "static/chunks/9440.3c2c9c6ea6b6387c.js",
      "static/chunks/8786.60a80b9b15cafd8c.js"
    ]
  },
  "node_modules/mermaid/dist/mermaid-59c9be08.js -> ./erDiagram-0ae87a1d.js": {
    "id": 782,
    "files": [
      "static/chunks/2116.80804127adc42a8f.js",
      "static/chunks/4659.cd7795fb644aba3c.js",
      "static/chunks/782.d8076ad19522f4a6.js"
    ]
  },
  "node_modules/mermaid/dist/mermaid-59c9be08.js -> ./flowDiagram-444f51a4.js": {
    "id": 9381,
    "files": [
      "static/chunks/2116.80804127adc42a8f.js",
      "static/chunks/372.1626f14fbf09a4aa.js",
      "static/chunks/4659.cd7795fb644aba3c.js",
      "static/chunks/6057.09d04f481d39827b.js",
      "static/chunks/6364.1cdc68e36031b43a.js",
      "static/chunks/7688.05feb753f35fa352.js",
      "static/chunks/9381.bed8ec58376b897b.js"
    ]
  },
  "node_modules/mermaid/dist/mermaid-59c9be08.js -> ./flowDiagram-v2-6bf179d4.js": {
    "id": 9231,
    "files": [
      "static/chunks/2116.80804127adc42a8f.js",
      "static/chunks/372.1626f14fbf09a4aa.js",
      "static/chunks/4659.cd7795fb644aba3c.js",
      "static/chunks/6057.09d04f481d39827b.js",
      "static/chunks/6364.1cdc68e36031b43a.js",
      "static/chunks/7688.05feb753f35fa352.js",
      "static/chunks/9231.fe63749d2221895a.js"
    ]
  },
  "node_modules/mermaid/dist/mermaid-59c9be08.js -> ./flowchart-elk-definition-ecf8041a.js": {
    "id": 1177,
    "files": [
      "static/chunks/72fdc299.d9e5cd8953ecb144.js",
      "static/chunks/372.1626f14fbf09a4aa.js",
      "static/chunks/6057.09d04f481d39827b.js",
      "static/chunks/7688.05feb753f35fa352.js",
      "static/chunks/1177.f1102052403c27b5.js"
    ]
  },
  "node_modules/mermaid/dist/mermaid-59c9be08.js -> ./ganttDiagram-605a2065.js": {
    "id": 7457,
    "files": [
      "static/chunks/7457.b6315d5d253286bf.js"
    ]
  },
  "node_modules/mermaid/dist/mermaid-59c9be08.js -> ./gitGraphDiagram-fc1f5991.js": {
    "id": 5639,
    "files": [
      "static/chunks/5639.38f2eaac343772b7.js"
    ]
  },
  "node_modules/mermaid/dist/mermaid-59c9be08.js -> ./infoDiagram-4247b7e0.js": {
    "id": 3164,
    "files": [
      "static/chunks/3164.06bd0703fd9b19ba.js"
    ]
  },
  "node_modules/mermaid/dist/mermaid-59c9be08.js -> ./journeyDiagram-7c7e5e9e.js": {
    "id": 702,
    "files": [
      "static/chunks/702.648e5bf019f6024d.js"
    ]
  },
  "node_modules/mermaid/dist/mermaid-59c9be08.js -> ./mindmap-definition-c873a2c3.js": {
    "id": 6614,
    "files": [
      "static/chunks/90912e1b.40f6c7573ec88e3f.js",
      "static/chunks/372.1626f14fbf09a4aa.js",
      "static/chunks/6614.44af6178557b9948.js"
    ]
  },
  "node_modules/mermaid/dist/mermaid-59c9be08.js -> ./pieDiagram-237f466a.js": {
    "id": 379,
    "files": [
      "static/chunks/379.df3b0b82a2880028.js"
    ]
  },
  "node_modules/mermaid/dist/mermaid-59c9be08.js -> ./quadrantDiagram-ea9c5406.js": {
    "id": 9424,
    "files": [
      "static/chunks/9424.dd62ebe471057b7c.js"
    ]
  },
  "node_modules/mermaid/dist/mermaid-59c9be08.js -> ./requirementDiagram-21fc72b3.js": {
    "id": 4569,
    "files": [
      "static/chunks/2116.80804127adc42a8f.js",
      "static/chunks/4659.cd7795fb644aba3c.js",
      "static/chunks/4569.e6f80f762b6df770.js"
    ]
  },
  "node_modules/mermaid/dist/mermaid-59c9be08.js -> ./sankeyDiagram-4c46435e.js": {
    "id": 664,
    "files": [
      "static/chunks/664.494011c1642a6600.js"
    ]
  },
  "node_modules/mermaid/dist/mermaid-59c9be08.js -> ./sequenceDiagram-40e752f5.js": {
    "id": 4859,
    "files": [
      "static/chunks/4859.37b1e32fec666bee.js"
    ]
  },
  "node_modules/mermaid/dist/mermaid-59c9be08.js -> ./stateDiagram-fae9870b.js": {
    "id": 3404,
    "files": [
      "static/chunks/2116.80804127adc42a8f.js",
      "static/chunks/4659.cd7795fb644aba3c.js",
      "static/chunks/7865.cb1ed2908dbdb936.js",
      "static/chunks/3404.a576a2efae44fbb3.js"
    ]
  },
  "node_modules/mermaid/dist/mermaid-59c9be08.js -> ./stateDiagram-v2-070fb403.js": {
    "id": 102,
    "files": [
      "static/chunks/2116.80804127adc42a8f.js",
      "static/chunks/372.1626f14fbf09a4aa.js",
      "static/chunks/4659.cd7795fb644aba3c.js",
      "static/chunks/6057.09d04f481d39827b.js",
      "static/chunks/6364.1cdc68e36031b43a.js",
      "static/chunks/7865.cb1ed2908dbdb936.js",
      "static/chunks/102.89f85d6fba410f09.js"
    ]
  },
  "node_modules/mermaid/dist/mermaid-59c9be08.js -> ./timeline-definition-10431bc9.js": {
    "id": 6301,
    "files": [
      "static/chunks/6301.774a9efe786cfb87.js"
    ]
  },
  "node_modules/mermaid/dist/mermaid-59c9be08.js -> ./xychartDiagram-7e63d98f.js": {
    "id": 9860,
    "files": [
      "static/chunks/372.1626f14fbf09a4aa.js",
      "static/chunks/9856.67c60a43102fb2d1.js"
    ]
  },
  "node_modules/mermaid/dist/mermaid-59c9be08.js -> katex": {
    "id": 1008,
    "files": [
      "static/chunks/175675d1.8ecb50e7d3440eea.js"
    ]
  }
}